1,Al Horford,12000000,Atlanta Hawks,15,15
2,Paul Millsap,9500000,Atlanta Hawks,15,15
3,Jeff Teague,8000000,Atlanta Hawks,15,15
4,Kyle Korver,6253521,Atlanta Hawks,15,15
5,Thabo Sefolosha,4150000,Atlanta Hawks,15,15
6,Mike Scott,3333333,Atlanta Hawks,15,15
7,DeMarre Carroll,2442455,Atlanta Hawks,15,15
8,Shelvin Mack,2433333,Atlanta Hawks,15,15
9,Kent Bazemore,2000000,Atlanta Hawks,15,15
10,Elton Brand,2000000,Atlanta Hawks,15,15
11,Adreian Payne,1855320,Atlanta Hawks,15,15
12,Dennis Schr√∂der,1690680,Atlanta Hawks,15,15
13,John Jenkins,1312920,Atlanta Hawks,15,15
14,Pero Antic,1250000,Atlanta Hawks,15,15
15,John Salmons,1000000,Atlanta Hawks,15,15
16,Mike Muscala,816482,Atlanta Hawks,15,15
1,Rajon Rondo,12909091,Boston Celtics,26,13
2,Gerald Wallace,10105855,Boston Celtics,26,13
3,Jeff Green,9445000,Boston Celtics,26,13
4,Marcus Thornton,8575000,Boston Celtics,26,13
5,Avery Bradley,7191011,Boston Celtics,26,13
6,Brandon Bass,6900000,Boston Celtics,26,13
7,Marcus Smart,3283320,Boston Celtics,26,13
8,Evan Turner,3278000,Boston Celtics,26,13
9,Will Bynum,2915908,Boston Celtics,26,13
10,Vitor Faverani,2090000,Boston Celtics,26,13
11,Kelly Olynyk,2075760,Boston Celtics,26,13
12,Tyler Zeller,1703760,Boston Celtics,26,13
13,James Young,1674480,Boston Celtics,26,13
14,Jared Sullinger,1424520,Boston Celtics,26,13
15,Phil Pressey,816482,Boston Celtics,26,13
16,Dwight Powell,507336,Boston Celtics,26,13
17,Erik Murphy,100000,Boston Celtics,26,13
1,Joe Johnson,23180790,Brooklyn Nets,21,11
2,Deron Williams,19754465,Brooklyn Nets,21,11
3,Brook Lopez,15719063,Brooklyn Nets,21,11
4,Kevin Garnett,12000000,Brooklyn Nets,21,11
5,Jarrett Jack,6300000,Brooklyn Nets,21,11
6,Travis Outlaw,4000000,Brooklyn Nets,21,11
7,Mirza Teletovic,3368100,Brooklyn Nets,21,11
8,Bojan Bogdanovic,3278000,Brooklyn Nets,21,11
9,Sergey Karasev,1533840,Brooklyn Nets,21,11
10,Mason Plumlee,1357080,Brooklyn Nets,21,11
11,Alan Anderson,1276061,Brooklyn Nets,21,11
12,Jerome Jordan,915243,Brooklyn Nets,21,11
13,Brandon Davies,816482,Brooklyn Nets,21,11
14,Markel Brown,507336,Brooklyn Nets,21,11
15,Cory Jefferson,507336,Brooklyn Nets,21,11
16,Darius Morris,1,Brooklyn Nets,21,11
1,Al Jefferson,13666667,Charlotte Hornets,23,4
2,Tyrus Thomas,9388000,Charlotte Hornets,23,4
3,Lance Stephenson,9000000,Charlotte Hornets,23,4
4,Marvin Williams,7000000,Charlotte Hornets,23,4
5,Gerald Henderson,6000000,Charlotte Hornets,23,4
6,Michael Kidd-Gilchrist,5016960,Charlotte Hornets,23,4
7,Cody Zeller,4030560,Charlotte Hornets,23,4
8,Bismack Biyombo,3873398,Charlotte Hornets,23,4
9,Kemba Walker,3272091,Charlotte Hornets,23,4
10,Gary Neal,3250000,Charlotte Hornets,23,4
11,Brian Roberts,2732000,Charlotte Hornets,23,4
12,Noah Vonleh,2524200,Charlotte Hornets,23,4
13,Jannero Pargo,1448490,Charlotte Hornets,23,4
14,Jason Maxiell,1316809,Charlotte Hornets,23,4
15,P.J. Hairston,1149720,Charlotte Hornets,23,4
16,Jeffery Taylor,915243,Charlotte Hornets,23,4
1,Derrick Rose,18862875,Chicago Bulls,30,1
2,Carlos Boozer,13550000,Chicago Bulls,30,1
3,Joakim Noah,12200000,Chicago Bulls,30,1
4,Taj Gibson,8000000,Chicago Bulls,30,1
5,Pau Gasol,7128000,Chicago Bulls,30,1
6,Nikola Mirotic,5305000,Chicago Bulls,30,1
7,Mike Dunleavy,3326235,Chicago Bulls,30,1
8,Kirk Hinrich,2730000,Chicago Bulls,30,1
9,Doug McDermott,2277960,Chicago Bulls,30,1
10,Jimmy Butler,2008748,Chicago Bulls,30,1
11,Tony Snell,1472400,Chicago Bulls,30,1
12,Nazr Mohammed,1448490,Chicago Bulls,30,1
13,Aaron Brooks,1145685,Chicago Bulls,30,1
14,E'Twaun Moore,948163,Chicago Bulls,30,1
15,Cameron Bairstow,507336,Chicago Bulls,30,1
16,Richard Hamilton,333333,Chicago Bulls,30,1
1,LeBron James,20644400,Cleveland Cavaliers,22,16
2,Kevin Love,15719062,Cleveland Cavaliers,22,16
3,Anderson Varejao,9704595,Cleveland Cavaliers,22,16
4,Kyrie Irving,7070730,Cleveland Cavaliers,22,16
5,Tristan Thompson,5138430,Cleveland Cavaliers,22,16
6,Dion Waiters,4062000,Cleveland Cavaliers,22,16
7,Mike Miller,2732000,Cleveland Cavaliers,22,16
8,Brendan Haywood,2213688,Cleveland Cavaliers,22,16
9,James Jones,1448490,Cleveland Cavaliers,22,16
10,Shawn Marion,1448490,Cleveland Cavaliers,22,16
11,Louis Amundson,1310286,Cleveland Cavaliers,22,16
12,Joe Harris,884879,Cleveland Cavaliers,22,16
13,A.J. Price,866879,Cleveland Cavaliers,22,16
14,Matthew Dellavedova,816482,Cleveland Cavaliers,22,16
15,Alex Kirk,507336,Cleveland Cavaliers,22,16
1,Chandler Parsons,14700000,Dallas Mavericks,8,20
2,Tyson Chandler,14598888,Dallas Mavericks,8,20
3,Monta Ellis,8360000,Dallas Mavericks,8,20
4,Dirk Nowitzki,7974482,Dallas Mavericks,8,20
5,Brandan Wright,5000000,Dallas Mavericks,8,20
6,Devin Harris,3878000,Dallas Mavericks,8,20
7,Raymond Felton,3793693,Dallas Mavericks,8,20
8,Jameer Nelson,2732000,Dallas Mavericks,8,20
9,Richard Jefferson,1448490,Dallas Mavericks,8,20
10,Charlie Villanueva,1316809,Dallas Mavericks,8,20
11,Jose Barea,1310286,Dallas Mavericks,8,20
12,Al-Farouq Aminu,1100602,Dallas Mavericks,8,20
13,Bernard James,915243,Dallas Mavericks,8,20
14,Ricky Ledo,816482,Dallas Mavericks,8,20
15,Gal Mekel,816482,Dallas Mavericks,8,20
16,Eric Griffin,507336,Dallas Mavericks,8,20
17,Ivan Johnson,25000,Dallas Mavericks,8,20
1,Ty Lawson,11595506,Denver Nuggets,9,28
2,JaVale McGee,11250000,Denver Nuggets,9,28
3,Danilo Gallinari,10854850,Denver Nuggets,9,28
4,Arron Afflalo,7312500,Denver Nuggets,9,28
5,Wilson Chandler,6757913,Denver Nuggets,9,28
6,J.J. Hickson,5381750,Denver Nuggets,9,28
7,Timofey Mozgov,4650000,Denver Nuggets,9,28
8,Randy Foye,3135000,Denver Nuggets,9,28
9,Kenneth Faried,2249768,Denver Nuggets,9,28
10,Nate Robinson,2106720,Denver Nuggets,9,28
11,Jusuf Nurkic,1762680,Denver Nuggets,9,28
12,Gary Harris,1519200,Denver Nuggets,9,28
13,Alonzo Gee,1063384,Denver Nuggets,9,28
14,Erick Green,507336,Denver Nuggets,9,28
15,Quincy Miller,150000,Denver Nuggets,9,28
16,Jerrelle Benimon,35000,Denver Nuggets,9,28
1,Josh Smith,14000000,Detroit Pistons,14,27
2,Brandon Jennings,8000000,Detroit Pistons,14,27
3,Jodie Meeks,6000000,Detroit Pistons,14,27
4,Greg Monroe,5479934,Detroit Pistons,14,27
5,Caron Butler,4500000,Detroit Pistons,14,27
6,Joel Anthony,3800000,Detroit Pistons,14,27
7,D.J. Augustin,3000000,Detroit Pistons,14,27
8,Kentavious Caldwell-Pope,2772480,Detroit Pistons,14,27
9,Luigi Datome,1750000,Detroit Pistons,14,27
10,Aaron Gray,1227985,Detroit Pistons,14,27
11,Cartier Martin,1145685,Detroit Pistons,14,27
12,Kyle Singler,1090000,Detroit Pistons,14,27
13,Tony Mitchell,816482,Detroit Pistons,14,27
14,Spencer Dinwiddie,700000,Detroit Pistons,14,27
1,David Lee,15012000,Golden State Warriors,10,10
2,Andrew Bogut,12972973,Golden State Warriors,10,10
3,Andre Iguodala,12289544,Golden State Warriors,10,10
4,Stephen Curry,10629213,Golden State Warriors,10,10
5,Shaun Livingston,5305000,Golden State Warriors,10,10
6,Marreese Speights,3657500,Golden State Warriors,10,10
7,Klay Thompson,3075880,Golden State Warriors,10,10
8,Harrison Barnes,3049920,Golden State Warriors,10,10
9,Leandro Barbosa,1448490,Golden State Warriors,10,10
10,Brandon Rush,1145685,Golden State Warriors,10,10
11,Festus Ezeli,1112880,Golden State Warriors,10,10
12,Nemanja Nedovic,1104240,Golden State Warriors,10,10
13,Draymond Green,915243,Golden State Warriors,10,10
14,Justin Holiday,816482,Golden State Warriors,10,10
15,Ognjen Kuzmic,816482,Golden State Warriors,10,10
16,Aaron Craft,35000,Golden State Warriors,10,10
17,Mitchell Watt,35000,Golden State Warriors,10,10
18,James Michael McAdoo,35000,Golden State Warriors,10,10
19,Sean Kilpatrick,35000,Golden State Warriors,10,10
1,Dwight Howard,21436271,Houston Rockets,2,23
2,James Harden,14728844,Houston Rockets,2,23
3,Trevor Ariza,8579089,Houston Rockets,2,23
4,Luis Scola,6541000,Houston Rockets,2,23
5,Jason Terry,5850313,Houston Rockets,2,23
6,Kostas Papanikolaou,4800000,Houston Rockets,2,23
7,Terrence Jones,1618680,Houston Rockets,2,23
8,Donatas Motiejunas,1483920,Houston Rockets,2,23
9,Francisco Garcia,1316809,Houston Rockets,2,23
10,Clint Capela,1189200,Houston Rockets,2,23
11,Ish Smith,981084,Houston Rockets,2,23
12,Jeff Adrien,981084,Houston Rockets,2,23
13,Joey Dorsey,948163,Houston Rockets,2,23
14,Patrick Beverley,915243,Houston Rockets,2,23
15,Troy Daniels,816482,Houston Rockets,2,23
16,Isaiah Canaan,816482,Houston Rockets,2,23
17,Nick Johnson,507336,Houston Rockets,2,23
18,Tarik Black,507336,Houston Rockets,2,23
19,Robert Covington,150000,Houston Rockets,2,23
20,Akil Mitchell,150000,Houston Rockets,2,23
1,Paul George,15925680,Indiana Pacers,24,2
2,Roy Hibbert,14898938,Indiana Pacers,24,2
3,David West,12000000,Indiana Pacers,24,2
4,George Hill,8000000,Indiana Pacers,24,2
5,Luis Scola,4868499,Indiana Pacers,24,2
6,C.J. Miles,4205000,Indiana Pacers,24,2
7,Ian Mahinmi,4000000,Indiana Pacers,24,2
8,Chris Copeland,3135000,Indiana Pacers,24,2
9,C.J. Watson,2106720,Indiana Pacers,24,2
10,Solomon Hill,1302840,Indiana Pacers,24,2
11,Rodney Stuckey,1227985,Indiana Pacers,24,2
12,Damjan Rudez,1100000,Indiana Pacers,24,2
13,Donald Sloan,948163,Indiana Pacers,24,2
14,Lavoy Allen,948163,Indiana Pacers,24,2
15,Shayne Whittington,507336,Indiana Pacers,24,2
1,Chris Paul,20068563,Los Angeles Clippers,1,14
2,Blake Griffin,17674612,Los Angeles Clippers,1,14
3,DeAndre Jordan,11440124,Los Angeles Clippers,1,14
4,J.J. Redick,6583500,Los Angeles Clippers,1,14
5,Jamal Crawford,5450000,Los Angeles Clippers,1,14
6,Spencer Hawes,5305000,Los Angeles Clippers,1,14
7,Matt Barnes,3369250,Los Angeles Clippers,1,14
8,Jordan Farmar,2077000,Los Angeles Clippers,1,14
9,Hedo Turkoglu,1448490,Los Angeles Clippers,1,14
10,Glen Davis,1227985,Los Angeles Clippers,1,14
11,Reggie Bullock,1200720,Los Angeles Clippers,1,14
12,C.J. Wilcox,1109760,Los Angeles Clippers,1,14
13,Ekpe Udoh,981084,Los Angeles Clippers,1,14
14,Chris Douglas-Roberts,915243,Los Angeles Clippers,1,14
15,Jared Cunningham,915243,Los Angeles Clippers,1,14
16,Carlos Delfino,650000,Los Angeles Clippers,1,14
17,Miroslav Raduljica,300000,Los Angeles Clippers,1,14
1,Kobe Bryant,23500000,Los Angeles Lakers,11,29
2,Steve Nash,9701000,Los Angeles Lakers,11,29
3,Jordan Hill,9000000,Los Angeles Lakers,11,29
4,Jeremy Lin,8374646,Los Angeles Lakers,11,29
5,Nick Young,4994420,Los Angeles Lakers,11,29
6,Carlos Boozer,3250000,Los Angeles Lakers,11,29
7,Julius Randle,2997360,Los Angeles Lakers,11,29
8,Ryan Kelly,1650000,Los Angeles Lakers,11,29
9,Ronnie Price,1316809,Los Angeles Lakers,11,29
10,Xavier Henry,1082000,Los Angeles Lakers,11,29
11,Wayne Ellington,1063384,Los Angeles Lakers,11,29
12,Wesley Johnson,981084,Los Angeles Lakers,11,29
13,Ed Davis,981084,Los Angeles Lakers,11,29
14,Robert Sacre,915243,Los Angeles Lakers,11,29
15,Jordan Clarkson,507336,Los Angeles Lakers,11,29
1,Marc Gasol,15829688,Memphis Grizzlies,27,3
2,Mike Conley,8694216,Memphis Grizzlies,27,3
3,Tayshaun Prince,7707865,Memphis Grizzlies,27,3
4,Courtney Lee,5450000,Memphis Grizzlies,27,3
5,Tony Allen,4831461,Memphis Grizzlies,27,3
6,Vince Carter,3911981,Memphis Grizzlies,27,3
7,Quincy Pondexter,3146068,Memphis Grizzlies,27,3
8,Kosta Koufos,3000000,Memphis Grizzlies,27,3
9,Beno Udrih,2077000,Memphis Grizzlies,27,3
10,Jordan Adams,1344120,Memphis Grizzlies,27,3
11,Jon Leuer,967500,Memphis Grizzlies,27,3
12,Nick Calathes,816482,Memphis Grizzlies,27,3
13,Jarnell Stokes,725000,Memphis Grizzlies,27,3
14,Fab Melo,437080,Memphis Grizzlies,27,3
15,Jamaal Franklin,163296,Memphis Grizzlies,27,3
1,Chris Bosh,20644400,Miami Heat,12,5
2,Dwyane Wade,15000000,Miami Heat,12,5
3,Luol Deng,9714461,Miami Heat,12,5
4,Mike Miller,6600000,Miami Heat,12,5
5,Chris Andersen,5375000,Miami Heat,12,5
6,Josh McRoberts,5305000,Miami Heat,12,5
7,Mario Chalmers,4000000,Miami Heat,12,5
8,Udonis Haslem,2732000,Miami Heat,12,5
9,Danny Granger,2077000,Miami Heat,12,5
10,Shabazz Napier,1238640,Miami Heat,12,5
11,Shawne Williams,1227985,Miami Heat,12,5
12,Justin Hamilton,816482,Miami Heat,12,5
13,Hassan Whiteside,769881,Miami Heat,12,5
14,James Ennis,507336,Miami Heat,12,5
15,Andre Dawkins,507336,Miami Heat,12,5
16,Tyler Johnson,75000,Miami Heat,12,5
17,Khem Birch,50000,Miami Heat,12,5
1,Larry Sanders,11000000,Milwaukee Bucks,28,25
2,O.J. Mayo,8000000,Milwaukee Bucks,28,25
3,Ersan Ilyasova,7900000,Milwaukee Bucks,28,25
4,Drew Gooden,6680000,Milwaukee Bucks,28,25
5,Zaza Pachulia,5200000,Milwaukee Bucks,28,25
6,Jabari Parker,4930560,Milwaukee Bucks,28,25
7,Jared Dudley,4250000,Milwaukee Bucks,28,25
8,Jerryd Bayless,3000000,Milwaukee Bucks,28,25
9,John Henson,1987320,Milwaukee Bucks,28,25
10,Giannis Antetokounmpo,1873200,Milwaukee Bucks,28,25
11,Kendall Marshall,915243,Milwaukee Bucks,28,25
12,Khris Middleton,915243,Milwaukee Bucks,28,25
13,Damien Inglis,820000,Milwaukee Bucks,28,25
14,Nate Wolters,816482,Milwaukee Bucks,28,25
15,Johnny O'Bryant,600000,Milwaukee Bucks,28,25
1,Nikola Pekovic,12100000,Minnesota Timberwolves,3,26
2,Thaddeus Young,9160870,Minnesota Timberwolves,3,26
3,Kevin Martin,6792500,Minnesota Timberwolves,3,26
4,Anthony Bennett,5563920,Minnesota Timberwolves,3,26
5,Andrew Wiggins,5510640,Minnesota Timberwolves,3,26
6,Ricky Rubio,5070686,Minnesota Timberwolves,3,26
7,Chase Budinger,5000000,Minnesota Timberwolves,3,26
8,Corey Brewer,4702500,Minnesota Timberwolves,3,26
9,Mo Williams,3750000,Minnesota Timberwolves,3,26
10,Zach LaVine,2055840,Minnesota Timberwolves,3,26
11,Shabazz Muhammad,1971960,Minnesota Timberwolves,3,26
12,Ronny Turiaf,1500000,Minnesota Timberwolves,3,26
13,Gorgui Dieng,1413480,Minnesota Timberwolves,3,26
14,Jeff Adrien,915243,Minnesota Timberwolves,3,26
15,Robbie Hummel,880000,Minnesota Timberwolves,3,26
16,Glenn Robinson,507336,Minnesota Timberwolves,3,26
1,Eric Gordon,14898938,New Orleans Pelicans,18,19
2,Tyreke Evans,10763500,New Orleans Pelicans,18,19
3,Jrue Holiday,9904495,New Orleans Pelicans,18,19
4,Ryan Anderson,8491500,New Orleans Pelicans,18,19
5,Omer Asik,8374646,New Orleans Pelicans,18,19
6,John Salmons,2000000,New Orleans Pelicans,18,19
7,Luke Babbitt,981084,New Orleans Pelicans,18,19
8,Alexis Ajinca,981084,New Orleans Pelicans,18,19
9,Jimmer Fredette,948163,New Orleans Pelicans,18,19
10,Jeff Withey,816482,New Orleans Pelicans,18,19
11,Dante Cunningham,716043,New Orleans Pelicans,18,19
12,Gal Mekel,633974,New Orleans Pelicans,18,19
13,Russ Smith,507336,New Orleans Pelicans,18,19
14,Darius Miller,400000,New Orleans Pelicans,18,19
15,Patric Young,100000,New Orleans Pelicans,18,19
1,Amar'e Stoudemire,23410988,New York Knicks,20,8
2,Carmelo Anthony,22458000,New York Knicks,20,8
3,Andrea Bargnani,11500000,New York Knicks,20,8
4,Jose Calderon,7097191,New York Knicks,20,8
5,J.R. Smith,5982375,New York Knicks,20,8
6,Samuel Dalembert,3867282,New York Knicks,20,8
7,Jason Smith,3278000,New York Knicks,20,8
8,Iman Shumpert,2616975,New York Knicks,20,8
9,Pablo Prigioni,1662961,New York Knicks,20,8
10,Shane Larkin,1606080,New York Knicks,20,8
11,Tim Hardaway,1250640,New York Knicks,20,8
12,Arnett Moultrie,1136160,New York Knicks,20,8
13,Cole Aldrich,981084,New York Knicks,20,8
14,Quincy Acy,915243,New York Knicks,20,8
15,Cleanthony Early,507336,New York Knicks,20,8
16,Travis Wear,507336,New York Knicks,20,8
17,Langston Galloway,31000,New York Knicks,20,8
18,Jordan Vandenberg,27000,New York Knicks,20,8
19,Orlando Sanchez,15000,New York Knicks,20,8
1,Kevin Durant,18995624,Oklahoma City Thunder,5,12
2,Russell Westbrook,15719062,Oklahoma City Thunder,5,12
3,Serge Ibaka,12250000,Oklahoma City Thunder,5,12
4,Kendrick Perkins,9154342,Oklahoma City Thunder,5,12
5,Anthony Morrow,3200000,Oklahoma City Thunder,5,12
6,Nick Collison,2242003,Oklahoma City Thunder,5,12
7,Reggie Jackson,2204370,Oklahoma City Thunder,5,12
8,Jeremy Lamb,2202000,Oklahoma City Thunder,5,12
9,Steven Adams,2184960,Oklahoma City Thunder,5,12
10,Mitch McGary,1400040,Oklahoma City Thunder,5,12
11,Andre Roberson,1160880,Oklahoma City Thunder,5,12
12,Perry Jones,1129200,Oklahoma City Thunder,5,12
13,Ish Smith,981084,Oklahoma City Thunder,5,12
14,Lance Thomas,948163,Oklahoma City Thunder,5,12
15,Sebastian Telfair,915243,Oklahoma City Thunder,5,12
16,Grant Jerrett,816481,Oklahoma City Thunder,5,12
1,Channing Frye,8175476,Orlando Magic,25,17
2,Glen Davis,6600000,Orlando Magic,25,17
3,Victor Oladipo,4978200,Orlando Magic,25,17
4,Ben Gordon,4500000,Orlando Magic,25,17
5,Aaron Gordon,3992040,Orlando Magic,25,17
6,Al Harrington,3805000,Orlando Magic,25,17
7,Nikola Vucevic,2751260,Orlando Magic,25,17
8,Luke Ridnour,2750000,Orlando Magic,25,17
9,Elfrid Payton,2397840,Orlando Magic,25,17
10,Tobias Harris,2380594,Orlando Magic,25,17
11,Maurice Harkless,1887840,Orlando Magic,25,17
12,Anthony Randolph,1825359,Orlando Magic,25,17
13,Andrew Nicholson,1545840,Orlando Magic,25,17
14,Evan Fournier,1483920,Orlando Magic,25,17
15,Willie Green,1448490,Orlando Magic,25,17
16,Kyle O'Quinn,915243,Orlando Magic,25,17
17,Devyn Marble,884879,Orlando Magic,25,17
18,Dewayne Dedmon,816482,Orlando Magic,25,17
19,Kadeem Batts,150000,Orlando Magic,25,17
20,Peyton Siva,100000,Orlando Magic,25,17
21,Seth Curry,100000,Orlando Magic,25,17
22,Drew Crawford,75000,Orlando Magic,25,17
1,Joel Embiid,4427640,Philadelphia 76ers,19,30
2,Luc Mbah a Moute,4382576,Philadelphia 76ers,19,30
3,Andrei Kirilenko,3326235,Philadelphia 76ers,19,30
4,Nerlens Noel,3315120,Philadelphia 76ers,19,30
5,Alexey Shved,3282056,Philadelphia 76ers,19,30
6,Travis Outlaw,3000000,Philadelphia 76ers,19,30
7,Michael Carter-Williams,2300040,Philadelphia 76ers,19,30
8,Eric Maynor,2106720,Philadelphia 76ers,19,30
9,Tony Wroten,1210080,Philadelphia 76ers,19,30
10,Marquis Teague,1120920,Philadelphia 76ers,19,30
11,Robert Covington,1000000,Philadelphia 76ers,19,30
12,James Anderson,981084,Philadelphia 76ers,19,30
13,Henry Sims,915243,Philadelphia 76ers,19,30
14,Jerami Grant,884879,Philadelphia 76ers,19,30
15,Hollis Thompson,816482,Philadelphia 76ers,19,30
16,JaKarr Sampson,507336,Philadelphia 76ers,19,30
17,K.J. McDaniels,507336,Philadelphia 76ers,19,30
18,Malcolm Thomas,474000,Philadelphia 76ers,19,30
19,Pierre Jackson,400000,Philadelphia 76ers,19,30
20,Ronald Roberts Jr.,373041,Philadelphia 76ers,19,30
21,Jarvis Varnado,75000,Philadelphia 76ers,19,30
22,Drew Gordon,40000,Philadelphia 76ers,19,30
23,Furkan Aldemir,1,Philadelphia 76ers,19,30
1,Eric Bledsoe,12173913,Phoenix Suns,7,21
2,Josh Childress,7610000,Phoenix Suns,7,21
3,Goran Dragic,7500000,Phoenix Suns,7,21
4,Josh Childress,7317500,Phoenix Suns,7,21
5,Isaiah Thomas,7238606,Phoenix Suns,7,21
6,P.J. Tucker,5700000,Phoenix Suns,7,21
7,Alex Len,3649920,Phoenix Suns,7,21
8,Gerald Green,3500000,Phoenix Suns,7,21
9,Anthony Tolliver,3000000,Phoenix Suns,7,21
10,Markieff Morris,2989239,Phoenix Suns,7,21
11,Marcus Morris,2943221,Phoenix Suns,7,21
12,Zoran Dragic,1962103,Phoenix Suns,7,21
13,T.J. Warren,1953120,Phoenix Suns,7,21
14,Tyler Ennis,1590720,Phoenix Suns,7,21
15,Shavlik Randolph,1227985,Phoenix Suns,7,21
16,Miles Plumlee,1169880,Phoenix Suns,7,21
17,Archie Goodwin,1112280,Phoenix Suns,7,21
18,Michael Beasley,777778,Phoenix Suns,7,21
1,Brandon Roy,19317326,Portland Trail Blazers,4,22
2,LaMarcus Aldridge,16006000,Portland Trail Blazers,4,22
3,Nicolas Batum,11765500,Portland Trail Blazers,4,22
4,Wesley Matthews,7245640,Portland Trail Blazers,4,22
5,Robin Lopez,6124728,Portland Trail Blazers,4,22
6,Chris Kaman,4800000,Portland Trail Blazers,4,22
7,Damian Lillard,3340920,Portland Trail Blazers,4,22
8,Dorell Wright,3150000,Portland Trail Blazers,4,22
9,Joel Freeland,3013512,Portland Trail Blazers,4,22
10,C.J. McCollum,2421000,Portland Trail Blazers,4,22
11,Meyers Leonard,2317920,Portland Trail Blazers,4,22
12,Steve Blake,2077000,Portland Trail Blazers,4,22
13,Victor Claver,1370000,Portland Trail Blazers,4,22
14,Will Barton,915243,Portland Trail Blazers,4,22
15,Diante Garrett,915243,Portland Trail Blazers,4,22
16,Allen Crabbe,862000,Portland Trail Blazers,4,22
1,Rudy Gay,19317325,Sacramento Kings,17,24
2,DeMarcus Cousins,13701250,Sacramento Kings,17,24
3,Carl Landry,6500000,Sacramento Kings,17,24
4,Derrick Williams,6331404,Sacramento Kings,17,24
5,Jason Thompson,6037500,Sacramento Kings,17,24
6,Darren Collison,4797664,Sacramento Kings,17,24
7,Ben McLemore,3026280,Sacramento Kings,17,24
8,Nik Stauskas,2745840,Sacramento Kings,17,24
9,Ramon Sessions,2077000,Sacramento Kings,17,24
10,Reggie Evans,1768653,Sacramento Kings,17,24
11,Ryan Hollins,1316809,Sacramento Kings,17,24
12,Omri Casspi,1063384,Sacramento Kings,17,24
13,Wayne Ellington,923780,Sacramento Kings,17,24
14,Ray McCallum,816482,Sacramento Kings,17,24
15,Eric Moreland,507336,Sacramento Kings,17,24
1,Tony Parker,12500000,San Antonio Spurs,6,6
2,Tim Duncan,10000000,San Antonio Spurs,6,6
3,Tiago Splitter,9250000,San Antonio Spurs,6,6
4,Boris Diaw,7500000,San Antonio Spurs,6,6
5,Manu Ginobili,7000000,San Antonio Spurs,6,6
6,Danny Green,4025000,San Antonio Spurs,6,6
7,Patrick Mills,3842105,San Antonio Spurs,6,6
8,Kawhi Leonard,2894059,San Antonio Spurs,6,6
9,Marco Belinelli,2873750,San Antonio Spurs,6,6
10,Aron Baynes,2077000,San Antonio Spurs,6,6
11,Cory Joseph,2023261,San Antonio Spurs,6,6
12,Jeff Ayres,1828750,San Antonio Spurs,6,6
13,Matt Bonner,1448490,San Antonio Spurs,6,6
14,Kyle Anderson,1093680,San Antonio Spurs,6,6
15,Austin Daye,1063384,San Antonio Spurs,6,6
16,JaMychal Green,60000,San Antonio Spurs,6,6
17,Bryce Cotton,50000,San Antonio Spurs,6,6
18,Josh Davis,20000,San Antonio Spurs,6,6
1,Kyle Lowry,12000000,Toronto Raptors,13,7
2,DeMar DeRozan,9500000,Toronto Raptors,13,7
3,Amir Johnson,7000000,Toronto Raptors,13,7
4,Greivis Vasquez,6400000,Toronto Raptors,13,7
5,Landry Fields,6250000,Toronto Raptors,13,7
6,Chuck Hayes,5958750,Toronto Raptors,13,7
7,Patrick Patterson,5831326,Toronto Raptors,13,7
8,Louis Williams,5450000,Toronto Raptors,13,7
9,Jonas Valanciunas,3678360,Toronto Raptors,13,7
10,Tyler Hansbrough,3326235,Toronto Raptors,13,7
11,Terrence Ross,2793960,Toronto Raptors,13,7
12,James Johnson,2500000,Toronto Raptors,13,7
13,Lucas Nogueira,1762680,Toronto Raptors,13,7
14,Bruno Caboclo,1458360,Toronto Raptors,13,7
15,Marcus Camby,1025889,Toronto Raptors,13,7
16,Greg Stiemsma,981084,Toronto Raptors,13,7
17,Will Cherry,25000,Toronto Raptors,13,7
1,Gordon Hayward,14746000,Utah Jazz,29,18
2,Derrick Favors,12833333,Utah Jazz,29,18
3,Enes Kanter,5694674,Utah Jazz,29,18
4,Trevor Booker,5000000,Utah Jazz,29,18
5,Dante Exum,3615000,Utah Jazz,29,18
6,Steve Novak,3445946,Utah Jazz,29,18
7,Alec Burks,3034356,Utah Jazz,29,18
8,Trey Burke,2548560,Utah Jazz,29,18
9,Jeremy Evans,1794871,Utah Jazz,29,18
10,Rodney Hood,1290360,Utah Jazz,29,18
11,Rudy Gobert,1127400,Utah Jazz,29,18
12,Toure' Murry,1000000,Utah Jazz,29,18
13,Carrick Felix,816482,Utah Jazz,29,18
14,Ian Clark,816482,Utah Jazz,29,18
15,Joe Ingles,507336,Utah Jazz,29,18
16,Patrick Christopher,379010,Utah Jazz,29,18
17,Jack Cooley,65000,Utah Jazz,29,18
18,Jack Cooley,65000,Utah Jazz,29,18
19,Dee Bost,65000,Utah Jazz,29,18
20,Kevin Murphy,65000,Utah Jazz,29,18
21,Jordan Hamilton,25000,Utah Jazz,29,18
1,John Wall,14746000,Washington Wizards,16,9
2,Nene Hilario,13000000,Washington Wizards,16,9
3,Marcin Gortat,10434782,Washington Wizards,16,9
4,Andray Blatche,8471339,Washington Wizards,16,9
5,Martell Webster,5381750,Washington Wizards,16,9
6,Paul Pierce,5305000,Washington Wizards,16,9
7,Andre Miller,4625000,Washington Wizards,16,9
8,Bradley Beal,4505280,Washington Wizards,16,9
9,Otto Porter,4470480,Washington Wizards,16,9
10,Kris Humphries,4300000,Washington Wizards,16,9
11,Kevin Seraphin,3898692,Washington Wizards,16,9
12,DeJuan Blair,2000000,Washington Wizards,16,9
13,Rasual Butler,1448490,Washington Wizards,16,9
14,Drew Gooden,1448000,Washington Wizards,16,9
15,Garrett Temple,981084,Washington Wizards,16,9
16,Glen Rice,816482,Washington Wizards,16,9